{"name":"fd00ae18-24fd-4f30-b811-236877d8f803","id":"/providers/Microsoft.Flow/flows/fd00ae18-24fd-4f30-b811-236877d8f803","type":"Microsoft.Flow/flows","properties":{"apiId":"/providers/Microsoft.PowerApps/apis/shared_logicflows","displayName":"EngagementData1.0","definition":{"metadata":{"workflowEntityId":null,"processAdvisorMetadata":null,"flowChargedByPaygo":null,"flowclientsuspensionreason":"None","flowclientsuspensiontime":null,"flowclientsuspensionreasondetails":null,"creator":{"id":"c47ede18-63a0-4f7d-be2f-3d1a4f5c6f72","type":"User","tenantId":"e95f1b23-abaf-45ee-821d-b7ab251ab3bf"},"provisioningMethod":"FromDefinition","failureAlertSubscription":true,"clientLastModifiedTime":"2024-07-01T07:06:31.1545407Z","connectionKeySavedTimeKey":"2024-07-01T07:06:31.1545407Z"},"$schema":"https://schema.management.azure.com/providers/Microsoft.Logic/schemas/2016-06-01/workflowdefinition.json#","contentVersion":"1.0.0.0","parameters":{"$connections":{"defaultValue":{},"type":"Object"},"$authentication":{"defaultValue":{},"type":"SecureObject"},"sharepoint.site":{"defaultValue":"","type":"String"},"sharepoint.list":{"defaultValue":"","type":"String"},"teams.group":{"defaultValue":"","type":"String"},"teams.channel":{"defaultValue":"","type":"String"}},"triggers":{"manual":{"splitOn":"@triggerBody()['rows']","metadata":{"operationMetadataId":"f80b808a-d225-453b-bf53-38f93255d552"},"type":"Request","kind":"ApiConnection","inputs":{"schema":{"type":"object","properties":{"rows":{"type":"array","items":{"type":"object","properties":{"entity":{"type":"object","properties":{"ID":{"type":"integer"},"itemUrl":{"title":"itemUrl","type":"string"},"fileName":{"title":"fileName","type":"string"}},"required":["ID","itemUrl","fileName"]}},"required":["entity"]}}},"required":["rows"]},"host":{"connection":{"name":"@parameters('$connections')['shared_sharepointonline']['connectionId']"},"api":{"runtimeUrl":"https://power-apis-usgov001-public.azure-apihub.us/apim/sharepointonline"}},"operationId":"GetOnNewItems","parameters":{"dataset":"https://dvagov.sharepoint.com/sites/OperationsTriageGroupOTG2-EngineeringInternal","table":"757ce6d5-8e23-420c-9641-b4ad75ba07b0"},"headersSchema":{"x-ms-user-name-encoded":{"title":"User name","type":"string","format":"byte","x-ms-dynamically-added":false}}}}},"actions":{"get_sharepoint_data":{"runAfter":{},"metadata":{"operationMetadataId":"82f9413d-2ca4-4fd7-ad4b-8646ec76f824","flowSystemMetadata":{"swaggerOperationId":"GetItem"}},"type":"ApiConnection","inputs":{"host":{"connection":{"name":"@json(decodeBase64(triggerOutputs().headers['X-MS-APIM-Tokens']))['$connections']['shared_sharepointonline']['connectionId']"},"api":{"runtimeUrl":"https://power-apis-usgov001-public.azure-apihub.us/apim/sharepointonline"}},"method":"get","path":"/datasets/@{encodeURIComponent(encodeURIComponent('https://dvagov.sharepoint.com/sites/OperationsTriageGroupOTG2-EngineeringInternal'))}/tables/@{encodeURIComponent(encodeURIComponent('757ce6d5-8e23-420c-9641-b4ad75ba07b0'))}/items/@{encodeURIComponent(triggerBody()?['entity']?['ID'])}","authentication":{"type":"Raw","value":"@json(decodeBase64(triggerOutputs().headers['X-MS-APIM-Tokens']))['$ConnectionKey']"}}},"Get_service_now_data":{"runAfter":{"Compose_Style":["Succeeded"]},"metadata":{"operationMetadataId":"3aec5560-9ffd-46e0-a0e7-c44d713bc58f","flowSystemMetadata":{"swaggerOperationId":"GetItems"}},"type":"ApiConnection","inputs":{"host":{"connection":{"name":"@json(decodeBase64(triggerOutputs().headers['X-MS-APIM-Tokens']))['$connections']['shared_sharepointonline']['connectionId']"},"api":{"runtimeUrl":"https://power-apis-usgov001-public.azure-apihub.us/apim/sharepointonline"}},"method":"get","path":"/datasets/@{encodeURIComponent(encodeURIComponent('https://dvagov.sharepoint.com/sites/OperationsTriageGroupOTG2-EngineeringInternal'))}/tables/@{encodeURIComponent(encodeURIComponent('3c9500d9-1b6c-4d64-a1bc-a09f901e0152'))}/items","queries":{"$filter":"Title eq '@{body('get_sharepoint_data')['Title']}'","$top":1},"authentication":{"type":"Raw","value":"@json(decodeBase64(triggerOutputs().headers['X-MS-APIM-Tokens']))['$ConnectionKey']"}}},"Apply_to_each":{"foreach":"@body('Get_service_now_data')?['value']","actions":{"Get_item_QC":{"runAfter":{},"metadata":{"operationMetadataId":"83a55149-50cf-4e01-90c6-b1e22b2543d8","flowSystemMetadata":{"swaggerOperationId":"GetItem"}},"type":"ApiConnection","inputs":{"host":{"connection":{"name":"@json(decodeBase64(triggerOutputs().headers['X-MS-APIM-Tokens']))['$connections']['shared_sharepointonline']['connectionId']"},"api":{"runtimeUrl":"https://power-apis-usgov001-public.azure-apihub.us/apim/sharepointonline"}},"method":"get","path":"/datasets/@{encodeURIComponent(encodeURIComponent('https://dvagov.sharepoint.com/sites/OperationsTriageGroupOTG2-EngineeringInternal'))}/tables/@{encodeURIComponent(encodeURIComponent('3c9500d9-1b6c-4d64-a1bc-a09f901e0152'))}/items/@{encodeURIComponent(items('Apply_to_each')?['ID'])}","authentication":{"type":"Raw","value":"@json(decodeBase64(triggerOutputs().headers['X-MS-APIM-Tokens']))['$ConnectionKey']"}}},"Create_HTML_table":{"runAfter":{"Compose_final_email":["Succeeded"]},"metadata":{"operationMetadataId":"c80d60aa-d0d7-4dfa-882c-69c1ad438381"},"type":"Table","inputs":{"from":"@outputs('Compose_final_email')","format":"HTML"}},"Send_an_email_(V2)":{"runAfter":{"Create_HTML_table":["Succeeded"]},"metadata":{"operationMetadataId":"3a6102dc-babd-49e7-bfd5-be2608c957e4","flowSystemMetadata":{"swaggerOperationId":"SendEmailV2"}},"type":"ApiConnection","inputs":{"host":{"connection":{"name":"@json(decodeBase64(triggerOutputs().headers['X-MS-APIM-Tokens']))['$connections']['shared_office365']['connectionId']"},"api":{"runtimeUrl":"https://power-apis-usgov001-public.azure-apihub.us/apim/office365"}},"method":"post","body":{"To":"@base64ToString(triggerOutputs()['headers']['x-ms-user-email-encoded'])","Subject":"Engagement information for incident @{body('get_sharepoint_data')['Title']}","Body":"<p>Plug the below listed data into the engagement powerpoint slide<br>\n@{outputs('Compose_Style')}@{body('Create_HTML_table')}</p>","Importance":"Normal"},"path":"/v2/Mail","authentication":{"type":"Raw","value":"@json(decodeBase64(triggerOutputs().headers['X-MS-APIM-Tokens']))['$ConnectionKey']"}}},"Convert_time_zone_Report":{"runAfter":{"setstartvar":["Succeeded"]},"metadata":{"operationMetadataId":"e3f75157-6a75-42f5-b9df-91b9cfc45ea1"},"type":"Expression","kind":"ConvertTimeZone","inputs":{"baseTime":"@body('Get_item_QC')?['snow_report_datetime']","formatString":"f","sourceTimeZone":"UTC","destinationTimeZone":"Eastern Standard Time"}},"Compose_final_email":{"runAfter":{"Convert_time_zone_Report":["Succeeded"]},"metadata":{"operationMetadataId":"781e33bb-c8b6-4e32-ade4-2de84efaa343"},"type":"Compose","inputs":[{"Name":"Data as of date/time:","Value":"@{body('Convert_time_zone_Report')}"},{"Name":"<Incident Report - Primary Culpable System(VASID)>","Value":"@{body('get_sharepoint_data')?['Primary_x0020_Culpable_x0020_Sys']?['Value']}/@{body('Get_item_QC')?['u_culpablesystem_primary_1']}"},{"Name":"Caused by Change Info","Value":"@{body('get_sharepoint_data')?['CausedbyChangeInfo']}/@{body('Get_item_QC')?['u_related_to_maintenance_mim']}"},{"Name":"Incident Number","Value":"@{body('get_sharepoint_data')['Title']}/@{body('Get_item_QC')['Title']}"},{"Name":"Snow Number of Users Affected","Value":"@{items('Apply_to_each')?['u_incident_impact_users']}"},{"Name":"Snow Number of Veterans Affected","Value":"@{items('Apply_to_each')?['u_incident_impact_veterans']}"},{"Name":"Snow Incident Issue Description / Problem Statement","Value":"@{replace(replace(substring(variables('VarIssueDescrip'), add(indexOf(variables('VarIssueDescrip'), '>'), 1), sub(indexOf(variables('VarIssueDescrip'), '</div>'), add(indexOf(variables('VarIssueDescrip'), '>'), 1))), '&#160;', ''), '</div>', '')}"},{"Name":"SNOW Close Notes / Restoration","Value":"@{items('Apply_to_each')?['close_notes']}"},{"Name":"Repair took:","Value":"@{concat(\r\n    div(sub(ticks(variables('RepairTime')), ticks(variables('inistarttime'))), 864000000000), ' day(s) ',\r\n    mod(div(sub(ticks(variables('RepairTime')), ticks(variables('inistarttime'))), 36000000000), 24), ' hour(s) ',\r\n    mod(div(sub(ticks(variables('RepairTime')), ticks(variables('inistarttime'))), 600000000), 60), ' minute(s)'\r\n)}"}]},"shortdescvar":{"runAfter":{"Get_item_QC":["Succeeded"]},"metadata":{"operationMetadataId":"edbd15ef-23b2-4749-bbcb-6f01f277f066"},"type":"SetVariable","inputs":{"name":"varHtmlContent","value":"@body('Get_item_QC')?['short_description']"}},"issuedesvar":{"runAfter":{"shortdescvar":["Succeeded"]},"metadata":{"operationMetadataId":"d1f703d3-d88f-4e69-8ca6-e859e218ddf8"},"type":"SetVariable","inputs":{"name":"VarIssueDescrip","value":"@body('Get_item_QC')?['u_issue']"}},"busimpactvariable":{"runAfter":{"issuedesvar":["Succeeded"]},"metadata":{"operationMetadataId":"0dbdc186-c729-40f9-89b5-1617d6327172"},"type":"SetVariable","inputs":{"name":"busimpactvar","value":"@body('Get_item_QC')?['business_impact']"}},"Setfirstreportvar":{"runAfter":{"busimpactvariable":["Succeeded"]},"metadata":{"operationMetadataId":"ec895381-0882-4d76-ac90-25f8ca4ced14"},"type":"SetVariable","inputs":{"name":"varfirstreport","value":"@{if(empty(body('get_sharepoint_data')?['FirstReportedtoESTDate_x002f_Tim']), 'MISSING', formatDateTime(convertFromUtc(body('get_sharepoint_data')?['FirstReportedtoESTDate_x002f_Tim'], 'Eastern Standard Time'), 'g'))}"}},"setrepair":{"runAfter":{"Setfirstreportvar":["Succeeded"]},"metadata":{"operationMetadataId":"e69d3d89-252c-44af-97f8-cb86e07b996d"},"type":"SetVariable","inputs":{"name":"repairtime","value":"@{formatDateTime(convertFromUtc(body('Get_item_QC')?['u_incident_repair_datetime'], 'Eastern Standard Time'), 'g')}"}},"setstartvar":{"runAfter":{"setrepair":["Succeeded"]},"metadata":{"operationMetadataId":"10f13c18-ef43-4544-83ae-3a01e144ca17"},"type":"SetVariable","inputs":{"name":"inistarttime","value":"@{formatDateTime(convertFromUtc(body('Get_item_QC')?['u_incident_impact_start_dttm'], 'Eastern Standard Time'), 'g')}"}}},"runAfter":{"starttime":["Succeeded"]},"metadata":{"operationMetadataId":"cf18fe28-d9b1-442d-ace0-2b3090f3ebc6"},"type":"Foreach"},"Post_card_in_a_chat_or_channel":{"runAfter":{"get_sharepoint_data":["Succeeded"]},"metadata":{"operationMetadataId":"524d6e64-92a8-4829-acb5-a559cc41c266","flowSystemMetadata":{"swaggerOperationId":"PostCardToConversation"}},"type":"ApiConnection","inputs":{"host":{"connection":{"name":"@json(decodeBase64(triggerOutputs().headers['X-MS-APIM-Tokens']))['$connections']['shared_teams']['connectionId']"},"api":{"runtimeUrl":"https://power-apis-usgov001-public.azure-apihub.us/apim/teams"}},"method":"post","body":{"recipient":"@{base64ToString(triggerOutputs()['headers']['x-ms-user-email-encoded'])};;","messageBody":"{\n    \"type\": \"AdaptiveCard\",\n    \"body\": [\n     {\n     \"type\": \"TextBlock\",\n     \"text\": \"Incident Engage Builder Initiated\",\n    \"spacing\": \"Small\",\n    \"size\": \"Large\",\n    \"weight\": \"Bolder\"\n    },\n     {\n    \"type\": \"FactSet\",\n     \"facts\": [\n     {\n     \"title\": \"Incident\",\n     \"value\": \"@{body('get_sharepoint_data')['Title']}\"\n     },\n     {\n        \"title\": \"Description\",\n        \"value\": \"@{body('get_sharepoint_data')?['IncidentShortDescription']}\"\n        },\n     {\n     \"title\":\"SP Author/Creator\",\n     \"value\": \"@{body('get_sharepoint_data')?['Author']?['DisplayName']}\"\n     },\n     {\n     \"title\": \"SP Created Datetime\",\n     \"value\": \"@{formatDateTime(convertFromUtc(body('get_sharepoint_data')?['Created'], 'Eastern Standard Time'), 'g')}\"\n    }\n    ],\n    \"spacing\": \"Medium\"\n     },\n     {\n     \"type\": \"ActionSet\",\n     \"actions\": [\n     {\n     \"type\": \"Action.OpenUrl\",\n     \"title\": \"Teams Link\",\n     \"url\": \"\"\n     },\n{\n     \"type\": \"Action.OpenUrl\",\n     \"title\": \"SNOW Link\",\n     \"url\": \"\"\n     },\n     {\n     \"type\": \"Action.Submit\",\n     \"title\": \"Assign to Me\",\n     \"associatedInputs\": \"auto\",\n     \"style\": \"positive\",\n     \"data\": {\n         \"IncidentNumber\": \"@{outputs('get_sharepoint_data')?['body/Title']}\"\n     }\n     }\n     ]\n    }\n    ],\n     \"msteams\": {\n         \"width\": \"Full\"\n     },\n     \"$schema\": \"http://adaptivecards.io/schemas/adaptive-card.json\",\n    \"version\": \"1.4\"\n    }"},"path":"/v1.0/teams/conversation/adaptivecard/poster/Flow bot/location/@{encodeURIComponent('Chat with Flow bot')}","authentication":{"type":"Raw","value":"@json(decodeBase64(triggerOutputs().headers['X-MS-APIM-Tokens']))['$ConnectionKey']"}}},"Post_message_in_a_chat_or_channel":{"runAfter":{"Post_card_in_a_chat_or_channel":["Succeeded"]},"metadata":{"operationMetadataId":"07ba00c5-61a6-4cc7-bbc9-3e517f210441","flowSystemMetadata":{"swaggerOperationId":"PostMessageToConversation"}},"type":"ApiConnection","inputs":{"host":{"connection":{"name":"@json(decodeBase64(triggerOutputs().headers['X-MS-APIM-Tokens']))['$connections']['shared_teams']['connectionId']"},"api":{"runtimeUrl":"https://power-apis-usgov001-public.azure-apihub.us/apim/teams"}},"method":"post","body":{"recipient":"@{base64ToString(triggerOutputs()['headers']['x-ms-user-email-encoded'])};","messageBody":"<p>You should receive an email soon. &nbsp;If you do not receive one within 5 minutes please contact OTG.</p>"},"path":"/beta/teams/conversation/message/poster/Flow bot/location/@{encodeURIComponent('Chat with Flow bot')}","authentication":{"type":"Raw","value":"@json(decodeBase64(triggerOutputs().headers['X-MS-APIM-Tokens']))['$ConnectionKey']"}}},"Compose_Style":{"runAfter":{"Post_message_in_a_chat_or_channel":["Succeeded"]},"metadata":{"operationMetadataId":"2f758d50-2ad7-4e73-8224-f661aab0e4d4"},"type":"Compose","inputs":"<style>\n    table {\n        border-collapse: collapse;\n    }\n    table td {\n        border: 1px solid #ddd;\n        padding: 6px 20px;\n        text-align: left;\n        min-width: 400px;\n        max-width: 600px;\n    }\n    table th {\n        font-weight: bold;\n    }\n    table td:first-child {\n        font-weight: bold;\n    }\n</style>"},"Condition":{"actions":{"Compose_Only_Sharepoint":{"runAfter":{},"metadata":{"operationMetadataId":"e18ed579-e5ea-4ffd-99c6-f252b1377d81"},"type":"Compose","inputs":[{"Name":"Error","Value":"There has been an error and the selected item could not be found. Service now data might need to be refreshed. There also might be a space in the incident number in Sharepoint"}]},"Create_HTML_table_Only_Sharepoint":{"runAfter":{"Compose_Only_Sharepoint":["Succeeded"]},"metadata":{"operationMetadataId":"d735d5c3-b6cf-4cce-9569-478626dcf031"},"type":"Table","inputs":{"from":"@outputs('Compose_Only_Sharepoint')","format":"HTML"}},"Send_an_email_(V2)_2":{"runAfter":{"Create_HTML_table_Only_Sharepoint":["Succeeded"]},"metadata":{"operationMetadataId":"81f27394-7dd6-4a93-996d-a0520b342f3c","flowSystemMetadata":{"swaggerOperationId":"SendEmailV2"}},"type":"ApiConnection","inputs":{"host":{"connection":{"name":"@json(decodeBase64(triggerOutputs().headers['X-MS-APIM-Tokens']))['$connections']['shared_office365']['connectionId']"},"api":{"runtimeUrl":"https://power-apis-usgov001-public.azure-apihub.us/apim/office365"}},"method":"post","body":{"To":"@base64ToString(triggerOutputs()['headers']['x-ms-user-email-encoded'])","Subject":"QC Report for @{body('get_sharepoint_data')['Title']}","Body":"<p>No SNOW QC data found.<br>\n<br>\n@{outputs('Compose_Style')}@{body('Create_HTML_table_Only_Sharepoint')}</p>","Importance":"Normal"},"path":"/v2/Mail","authentication":{"type":"Raw","value":"@json(decodeBase64(triggerOutputs().headers['X-MS-APIM-Tokens']))['$ConnectionKey']"}}}},"runAfter":{"Apply_to_each":["Succeeded"]},"expression":{"equals":["@length(body('Get_service_now_data')?['value'])",0]},"metadata":{"operationMetadataId":"e9f945bd-52a7-4651-ad6a-a4d391811c35"},"type":"If"},"shortdesc":{"runAfter":{"Get_service_now_data":["Succeeded"]},"metadata":{"operationMetadataId":"59f6a345-68b9-4c9c-92e7-eb8a787a3f6c"},"type":"InitializeVariable","inputs":{"variables":[{"name":"varHtmlContent","type":"string"}]}},"issuedescriptionvar":{"runAfter":{"shortdesc":["Succeeded"]},"metadata":{"operationMetadataId":"6ef0d643-8bbf-48d2-a2e6-0b389cd3077f"},"type":"InitializeVariable","inputs":{"variables":[{"name":"VarIssueDescrip","type":"string"}]}},"busimpvar":{"runAfter":{"issuedescriptionvar":["Succeeded"]},"metadata":{"operationMetadataId":"1882f798-391b-4a09-9e28-78531638bb9f"},"type":"InitializeVariable","inputs":{"variables":[{"name":"busimpactvar","type":"string"}]}},"firstreportvar":{"runAfter":{"busimpvar":["Succeeded"]},"metadata":{"operationMetadataId":"b5eb4938-8b1f-4efd-9a17-572b4723cd55"},"type":"InitializeVariable","inputs":{"variables":[{"name":"varfirstreport","type":"string"}]}},"repairvar":{"runAfter":{"firstreportvar":["Succeeded"]},"metadata":{"operationMetadataId":"8ea084f4-3b37-440a-8d2c-bbbe9d8589f1"},"type":"InitializeVariable","inputs":{"variables":[{"name":"repairtime","type":"string"}]}},"starttime":{"runAfter":{"repairvar":["Succeeded"]},"metadata":{"operationMetadataId":"ba062b46-576a-4d16-aa87-1fc8189426d1"},"type":"InitializeVariable","inputs":{"variables":[{"name":"inistarttime","type":"string"}]}}},"outputs":{},"description":"This flow is to collect incident engagement power point slide data."},"connectionReferences":{"shared_sharepointonline":{"connectionName":"c69aa489260b4a8fb18dc9cae2f7f2da","source":"Invoker","id":"/providers/Microsoft.PowerApps/apis/shared_sharepointonline","tier":"NotSpecified"},"shared_office365":{"connectionName":"shared-office365-c20e3dd5-2cd7-42d1-8658-b3b4af95123a","source":"Invoker","id":"/providers/Microsoft.PowerApps/apis/shared_office365","tier":"NotSpecified"},"shared_teams":{"connectionName":"shared-teams-71696bae-fce9-40cc-9f75-cf0e13392c4f","source":"Invoker","id":"/providers/Microsoft.PowerApps/apis/shared_teams","tier":"NotSpecified"}},"flowFailureAlertSubscribed":false,"isManaged":false}}